SNV,Frequency,Expression
C1018G,15,Overexpressed
C1126A,8,Overexpressed
C2167T,16,Overexpressed
C3441G,22,Overexpressed
C4157A,12,Overexpressed
C5167T,18,Overexpressed
C6481G,25,Overexpressed
C9748A,22,Overexpressed
C45515T,16,Overexpressed
T63865C,24,Underexpressed
T66200G,15,Underexpressed
T711021A,8,Underexpressed
T79885C,16,Underexpressed
T82183G,22,Underexpressed
T99107A,12,Underexpressed
T100112C,18,Underexpressed
T118717G,25,Underexpressed
T120160A,22,Underexpressed
T120364C,16,Underexpressed
T54700G,24,Overexpressed
A14322T,16,Underexpressed
A14383C,22,Underexpressed
A16260G,12,Underexpressed
A16112T,18,Underexpressed
A37627C,25,Underexpressed
A38314G,22,Underexpressed
A38933T,16,Overexpressed
A41185C,24,Overexpressed
A42283G,15,Overexpressed
A43272T,8,Overexpressed
A43904C,16,Overexpressed
A45815G,22,Overexpressed
A84423G,12,Overexpressed
A94771C,18,Overexpressed
G87764A,25,Overexpressed
G88765C,22,Underexpressed
G236T,16,Underexpressed
G88102A,24,Underexpressed
G79227C,15,Underexpressed
G62573T,8,Underexpressed
G59770A,16,Underexpressed
G78683C,22,Underexpressed
G77777T,12,Underexpressed
G78336A,18,Underexpressed
G59574C,25,Underexpressed
G73485A,22,Overexpressed
G73249A,16,Overexpressed
A40032T,24,Overexpressed
A41845C,15,Overexpressed
A42669G,8,Overexpressed
A43213T,16,Overexpressed
A81381C,22,Overexpressed
A65289G,12,Overexpressed
A152616T,18,Overexpressed
A150335C,25,Underexpressed
A38728G,22,Underexpressed
A150925T,16,Underexpressed
A365C,24,Underexpressed
T54019C,15,Underexpressed
T53901G,8,Underexpressed
T52849A,16,Underexpressed
G11971A,8,Overexpressed
G11015C,16,Overexpressed
G10721T,22,Overexpressed
G10308A,12,Overexpressed
G9154C,18,Underexpressed
G8450T,25,Underexpressed
G8293A,22,Underexpressed
G6956C,16,Underexpressed
G6541T,24,Underexpressed
G5974A,15,Underexpressed
G5515C,8,Underexpressed
G4995T,16,Underexpressed
G4713A,22,Underexpressed
A93709T,12,Underexpressed
A92954C,18,Overexpressed
A92251G,25,Overexpressed
A91632T,22,Overexpressed
A88281C,16,Overexpressed
C112149A,24,Overexpressed
C110749T,15,Overexpressed
C109898G,8,Overexpressed
C108864G,16,Overexpressed
C132165A,22,Overexpressed
C129666T,12,Underexpressed
C128087G,18,Underexpressed
C124860G,25,Underexpressed
