SAAV_Site,Frequency,Regulation
S34A,15,Upregulation
S36W,8,Upregulation
S75N,16,Upregulation
S77D,22,Upregulation
Y80C,12,Upregulation
T83Q,18,Upregulation
S85E,25,Upregulation
S87G,22,Upregulation
S88H,16,Downregulation
S100I,24,Downregulation
S109L,15,Downregulation
K123H,8,Downregulation
K148M,16,Downregulation
T152F,22,Downregulation
S155P,12,Upregulation
S159V,18,Upregulation
S161M,25,Upregulation
K177W,22,Upregulation
T192L,16,Upregulation
T194V,24,Upregulation
K223A,15,Upregulation
S238W,8,Upregulation
S239N,16,Downregulation
S241D,22,Downregulation
S245C,12,Downregulation
S246Q,18,Downregulation
K259E,25,Downregulation
S267G,22,Downregulation
K276H,16,Upregulation
S278I,24,Upregulation
S282L,15,Upregulation
S283H,8,Upregulation
S285M,16,Upregulation
T287F,22,Upregulation
S288P,12,Upregulation
K289V,18,Upregulation
K298M,25,Downregulation
K298W,22,Downregulation
K308L,16,Downregulation
S310V,24,Downregulation
S312A,15,Downregulation
S319W,8,Downregulation
K327N,16,Upregulation
T329D,22,Upregulation
S331C,12,Upregulation
S334Q,18,Upregulation
S340E,25,Upregulation
K355G,22,Upregulation
S361H,16,Upregulation
S369I,24,Upregulation
R422L,15,Downregulation
S424H,8,Downregulation
Y507M,16,Downregulation
K617F,22,Downregulation
T650P,12,Downregulation
T748V,18,Downregulation
K752M,25,Upregulation
T758W,22,Upregulation
Y775L,16,Upregulation
S780V,24,Upregulation
T792A,15,Upregulation
K799W,8,Upregulation
Y811N,16,Upregulation
K815D,22,Upregulation
K825C,12,Downregulation
K832Q,18,Downregulation
S849E,25,Downregulation
S885G,22,Downregulation
S936H,16,Downregulation
T941I,24,Downregulation
S942L,15,Upregulation
S987H,8,Upregulation
S991M,16,Upregulation
S997F,22,Upregulation
K1001P,12,Upregulation
Y1015V,18,Upregulation
S1016M,25,Upregulation
K1029W,22,Upregulation
S1030L,16,Downregulation
T1032V,24,Downregulation
T1033A,15,Downregulation
S1036W,8,Downregulation
K1038N,16,Downregulation
S1044D,22,Downregulation
K1048C,12,Upregulation
S1054Q,18,Upregulation
T1055E,25,Upregulation
S1057G,22,Upregulation
T1067H,16,Upregulation
S1078I,24,Upregulation
K1079L,15,Upregulation
S1113H,8,Upregulation
Y1170M,16,Downregulation
K1174F,22,Downregulation
K1177P,12,Downregulation
K1221V,18,Downregulation
S1248M,25,Downregulation
S1250W,22,Downregulation
K1259L,16,Upregulation
K1259V,24,Upregulation
K1267A,15,Upregulation
K1280W,8,Upregulation
K1280N,16,Upregulation
K1283D,22,Upregulation
K1288C,12,Upregulation
K1288Q,18,Upregulation
S1317E,25,Downregulation
S1322G,22,Downregulation
S1329H,16,Downregulation
S1367I,24,Downregulation
R1374L,15,Downregulation
S1376H,8,Downregulation
T1377M,16,Upregulation
S1381F,22,Upregulation
K1399P,12,Upregulation
T1421V,18,Upregulation
T1424M,25,Upregulation
K1425W,22,Upregulation
T1426L,16,Upregulation
S1427V,24,Upregulation
K1507A,15,Downregulation
S1575W,8,Downregulation
S1577N,16,Downregulation
T1592D,22,Downregulation
K1600C,12,Downregulation
K1661Q,18,Downregulation
S1663E,25,Upregulation
K1668G,22,Upregulation
K1686H,16,Upregulation
K1686I,24,Upregulation
K1692L,15,Upregulation
K1702H,8,Upregulation
K1706M,16,Upregulation
K1724F,22,Upregulation
K1766P,12,Downregulation
K1809V,18,Downregulation
K1877M,25,Downregulation
T1937W,22,Downregulation
K1941L,16,Downregulation
T1942V,24,Downregulation
